Prov/Terr,FED ID,Federal Electoral Districts,Total,Total Income,Net Income,Taxable Income,,,,,,,,,,,,,,,,,,
10,10001,Avalon,72030,3433042000 ,3182566000 ,3077999000 ,,,,,,,,,,,,,,,,,,
10,10002,Bonavista--Burin--Trinity,64180,2487091000 ,2330284000 ,2216249000 ,,,,,,,,,,,,,,,,,,
10,10003,Coast of Bays--Central--Notre Dame,66890,2545490000 ,2370038000 ,2258277000 ,,,,,,,,,,,,,,,,,,
10,10004,Labrador,20770,1201446000 ,1117784000 ,1035198000 ,,,,,,,,,,,,,,,,,,
10,10005,Long Range Mountains,75140,2848331000 ,2653010000 ,2525098000 ,,,,,,,,,,,,,,,,,,
10,10006,St. John's East,66970,3824579000 ,3505067000 ,3424509000 ,,,,,,,,,,,,,,,,,,
10,10007,St. John's South--Mount Pearl,67420,3229245000 ,2977379000 ,2881272000 ,,,,,,,,,,,,,,,,,,
TOTAL,,,433410,19569223000 ,18136128000 ,17418601000 ,,,,,,,,,,,,,,,,,,
11,11001,Cardigan,29570,1203686000 ,1111926000 ,1079133000 ,,,,,,,,,,,,,,,,,,
11,11002,Charlottetown,28770,1169359000 ,1075773000 ,1038691000 ,,,,,,,,,,,,,,,,,,
11,11003,Egmont,29680,1088288000 ,1013041000 ,968447000 ,,,,,,,,,,,,,,,,,,
11,11004,Malpeque,27700,1138097000 ,1047892000 ,1019380000 ,,,,,,,,,,,,,,,,,,
TOTAL,,,115700,4599431000 ,4248632000 ,4105651000 ,,,,,,,,,,,,,,,,,,
12,12001,Cape Breton--Canso,58770,2218358000 ,2059026000 ,1967065000 ,,,,,,,,,,,,,,,,,,
12,12002,Central Nova,58850,2353212000 ,2174650000 ,2098727000 ,,,,,,,,,,,,,,,,,,
12,12003,Cumberland--Colchester,65410,2402724000 ,2229097000 ,2149292000 ,,,,,,,,,,,,,,,,,,
12,12004,Dartmouth--Cole Harbour,73530,3324292000 ,3027115000 ,2957450000 ,,,,,,,,,,,,,,,,,,
12,12005,Halifax,71410,3618078000 ,3327812000 ,3252847000 ,,,,,,,,,,,,,,,,,,
12,12006,Halifax West,73070,3697981000 ,3376814000 ,3320116000 ,,,,,,,,,,,,,,,,,,
12,12007,Kings--Hants,68570,2699764000 ,2494560000 ,2422182000 ,,,,,,,,,,,,,,,,,,
12,12008,Sackville--Preston--Chezzetcook,69230,3202867000 ,2926703000 ,2881705000 ,,,,,,,,,,,,,,,,,,
12,12009,South Shore--St. Margarets,77840,3185422000 ,2931420000 ,2827743000 ,,,,,,,,,,,,,,,,,,
12,12010,Sydney--Victoria,61820,2147803000 ,1998062000 ,1902269000 ,,,,,,,,,,,,,,,,,,
12,12011,West Nova,69590,2448121000 ,2274914000 ,2176433000 ,,,,,,,,,,,,,,,,,,
TOTAL,,,748080,31298623000 ,28820174000 ,27955828000 ,,,,,,,,,,,,,,,,,,
13,13001,Acadie--Bathurst,68250,2391398000 ,2229739000 ,2121674000 ,,,,,,,,,,,,,,,,,,
13,13002,Beauséjour,68700,2747456000 ,2534714000 ,2456489000 ,,,,,,,,,,,,,,,,,,
13,13003,Fredericton,63670,2820138000 ,2559589000 ,2510609000 ,,,,,,,,,,,,,,,,,,
13,13004,Fundy Royal,63930,2760940000 ,2532603000 ,2477432000 ,,,,,,,,,,,,,,,,,,
13,13005,Madawaska--Restigouche,52070,1784250000 ,1655602000 ,1568532000 ,,,,,,,,,,,,,,,,,,
13,13006,Miramichi--Grand Lake,48610,1609786000 ,1502260000 ,1434204000 ,,,,,,,,,,,,,,,,,,
13,13007,Moncton--Riverview--Dieppe,74100,3009398000 ,2765353000 ,2691013000 ,,,,,,,,,,,,,,,,,,
13,13008,New Brunswick Southwest,52870,2144099000 ,1970919000 ,1912584000 ,,,,,,,,,,,,,,,,,,
13,13009,Saint John--Rothesay,63510,2622513000 ,2417225000 ,2343501000 ,,,,,,,,,,,,,,,,,,
13,13010,Tobique--Mactaquac,55580,2014958000 ,1872894000 ,1802424000 ,,,,,,,,,,,,,,,,,,
TOTAL,,,611300,23904935000 ,22040897000 ,21318462000 ,,,,,,,,,,,,,,,,,,
24,24001,Abitibi--Baie-James--Nunavik--Eeyou,62480,2432949000 ,2240968000 ,2087789000 ,,,,,,,,,,,,,,,,,,
24,24002,Abitibi--Témiscamingue,83750,3482877000 ,3206076000 ,3059037000 ,,,,,,,,,,,,,,,,,,
24,24003,Ahuntsic-Cartierville,90230,3622677000 ,3325329000 ,3180008000 ,,,,,,,,,,,,,,,,,,
24,24004,Alfred-Pellan,80400,3632443000 ,3318671000 ,3224771000 ,,,,,,,,,,,,,,,,,,
24,24005,Argenteuil--La Petite-Nation,79010,2978283000 ,2733468000 ,2604327000 ,,,,,,,,,,,,,,,,,,
24,24006,Avignon--La Mitis--Matane--Matapédia,61090,1972929000 ,1832621000 ,1715537000 ,,,,,,,,,,,,,,,,,,
24,24007,Beauce,87410,3324082000 ,3068526000 ,2928711000 ,,,,,,,,,,,,,,,,,,
24,24008,Beauport--Limoilou,78130,2867365000 ,2611381000 ,2478857000 ,,,,,,,,,,,,,,,,,,
24,24009,Bécancour--Nicolet--Saurel,78650,2911918000 ,2664047000 ,2523741000 ,,,,,,,,,,,,,,,,,,
24,24010,Bellechasse--Les Etchemins--Lévis,95310,3994014000 ,3629823000 ,3498467000 ,,,,,,,,,,,,,,,,,,
24,24011,Beloeil--Chambly,92990,4670889000 ,4240172000 ,4142843000 ,,,,,,,,,,,,,,,,,,
24,24012,Berthier--Maskinongé,84900,3010231000 ,2767297000 ,2619385000 ,,,,,,,,,,,,,,,,,,
24,24013,Thérèse-De Blainville,79090,4157265000 ,3793139000 ,3681439000 ,,,,,,,,,,,,,,,,,,
24,24014,Pierre-Boucher--Les Patriotes--Verchères,81650,4534830000 ,4083114000 ,3985502000 ,,,,,,,,,,,,,,,,,,
24,24015,Bourassa,76640,2175834000 ,2033816000 ,1892443000 ,,,,,,,,,,,,,,,,,,
24,24016,Brome--Missisquoi,85290,3537246000 ,3239812000 ,3110834000 ,,,,,,,,,,,,,,,,,,
24,24017,Brossard--Saint-Lambert,86350,4502651000 ,4090135000 ,3979973000 ,,,,,,,,,,,,,,,,,,
24,24018,Rimouski-Neigette--Témiscouata--Les Basques,71550,2676466000 ,2457917000 ,2334993000 ,,,,,,,,,,,,,,,,,,
24,24019,Charlesbourg--Haute-Saint-Charles,85820,3700384000 ,3333299000 ,3257793000 ,,,,,,,,,,,,,,,,,,
24,24020,Beauport--Côte-de-Beaupré--Île d'Orléans--Charlevoix,78280,3298090000 ,2971727000 ,2876321000 ,,,,,,,,,,,,,,,,,,
24,24021,Châteauguay--Lacolle,79240,3119751000 ,2871319000 ,2771244000 ,,,,,,,,,,,,,,,,,,
24,24022,Chicoutimi--Le Fjord,67210,2720487000 ,2460397000 ,2368304000 ,,,,,,,,,,,,,,,,,,
24,24023,Compton--Stanstead,83260,3321565000 ,3038899000 ,2928695000 ,,,,,,,,,,,,,,,,,,
24,24024,Dorval--Lachine--LaSalle,88430,3391002000 ,3121525000 ,2991440000 ,,,,,,,,,,,,,,,,,,
24,24025,Drummond,82790,3016345000 ,2794681000 ,2662761000 ,,,,,,,,,,,,,,,,,,
24,24026,Gaspésie--Les Îles-de-la-Madeleine,66980,2255368000 ,2097425000 ,1939596000 ,,,,,,,,,,,,,,,,,,
24,24027,Gatineau,83700,3680240000 ,3355615000 ,3240622000 ,,,,,,,,,,,,,,,,,,
24,24028,Hochelaga,83940,3050058000 ,2810769000 ,2675721000 ,,,,,,,,,,,,,,,,,,
24,24029,Honoré-Mercier,82610,3119828000 ,2877707000 ,2765987000 ,,,,,,,,,,,,,,,,,,
24,24030,Hull--Aylmer,78310,3669189000 ,3322481000 ,3235685000 ,,,,,,,,,,,,,,,,,,
24,24031,Joliette,85030,3046808000 ,2798586000 ,2651231000 ,,,,,,,,,,,,,,,,,,
24,24032,Jonquière,73950,2972370000 ,2688357000 ,2592932000 ,,,,,,,,,,,,,,,,,,
24,24033,La Pointe-de-l'Île,85360,3199960000 ,2934763000 ,2815093000 ,,,,,,,,,,,,,,,,,,
24,24034,La Prairie,85650,4198205000 ,3818399000 ,3735534000 ,,,,,,,,,,,,,,,,,,
24,24035,Lac-Saint-Jean,86890,3164149000 ,2889785000 ,2752280000 ,,,,,,,,,,,,,,,,,,
24,24036,Lac-Saint-Louis,85350,5143611000 ,4684802000 ,4565378000 ,,,,,,,,,,,,,,,,,,
24,24037,LaSalle--Émard--Verdun,85640,3063450000 ,2832269000 ,2707920000 ,,,,,,,,,,,,,,,,,,
24,24038,Laurentides--Labelle,96080,3725125000 ,3416045000 ,3260812000 ,,,,,,,,,,,,,,,,,,
24,24039,Laurier--Sainte-Marie,87080,3631994000 ,3350391000 ,3213922000 ,,,,,,,,,,,,,,,,,,
24,24040,Laval--Les Îles,83580,3610958000 ,3321906000 ,3215855000 ,,,,,,,,,,,,,,,,,,
24,24041,Longueuil--Charles-LeMoyne,84990,2921742000 ,2698164000 ,2588532000 ,,,,,,,,,,,,,,,,,,
24,24042,Lévis--Lotbinière,89390,4122970000 ,3722104000 ,3634604000 ,,,,,,,,,,,,,,,,,,
24,24043,Longueuil--Saint-Hubert,87970,3844590000 ,3503803000 ,3382341000 ,,,,,,,,,,,,,,,,,,
24,24044,Louis-Hébert,86250,4805004000 ,4313708000 ,4221769000 ,,,,,,,,,,,,,,,,,,
24,24045,Louis-Saint-Laurent,93700,4348028000 ,3898690000 ,3822231000 ,,,,,,,,,,,,,,,,,,
24,24046,Manicouagan,74320,3126814000 ,2867280000 ,2745515000 ,,,,,,,,,,,,,,,,,,
24,24047,Mégantic--L'Érable,72690,2464308000 ,2272071000 ,2137373000 ,,,,,,,,,,,,,,,,,,
24,24048,Mirabel,89130,3791572000 ,3476380000 ,3384994000 ,,,,,,,,,,,,,,,,,,
24,24049,Montarville,77140,4306154000 ,3881021000 ,3819768000 ,,,,,,,,,,,,,,,,,,
24,24050,Montcalm,84010,3216489000 ,2960446000 ,2850747000 ,,,,,,,,,,,,,,,,,,
24,24051,Montmagny--L'Islet--Kamouraska--Rivière-du-Loup,80690,2840298000 ,2617813000 ,2480559000 ,,,,,,,,,,,,,,,,,,
24,24052,Mount Royal,79410,4817409000 ,4436647000 ,4290526000 ,,,,,,,,,,,,,,,,,,
24,24053,Notre-Dame-de-Grâce--Westmount,80710,6181149000 ,5714112000 ,5541667000 ,,,,,,,,,,,,,,,,,,
24,24054,Outremont,73980,3821324000 ,3534127000 ,3407255000 ,,,,,,,,,,,,,,,,,,
24,24055,Papineau,85320,2603106000 ,2418441000 ,2280854000 ,,,,,,,,,,,,,,,,,,
24,24056,Pierrefonds--Dollard,85570,3884502000 ,3554208000 ,3455040000 ,,,,,,,,,,,,,,,,,,
24,24057,Pontiac,87470,4070638000 ,3696196000 ,3590689000 ,,,,,,,,,,,,,,,,,,
24,24058,Portneuf--Jacques-Cartier,90240,4304584000 ,3877686000 ,3769592000 ,,,,,,,,,,,,,,,,,,
24,24059,Québec,79110,3278993000 ,2988013000 ,2864516000 ,,,,,,,,,,,,,,,,,,
24,24060,Repentigny,93700,4153283000 ,3766101000 ,3672200000 ,,,,,,,,,,,,,,,,,,
24,24061,Richmond--Arthabaska,87410,3167599000 ,2912482000 ,2765132000 ,,,,,,,,,,,,,,,,,,
24,24062,Rivière-des-Mille-Îles,83620,3825743000 ,3482370000 ,3395726000 ,,,,,,,,,,,,,,,,,,
24,24063,Rivière-du-Nord,89480,3408708000 ,3134693000 ,3012432000 ,,,,,,,,,,,,,,,,,,
24,24064,Rosemont--La Petite-Patrie,86050,3479433000 ,3185647000 ,3067495000 ,,,,,,,,,,,,,,,,,,
24,24065,Marc-Aurèle-Fortin,78800,3640337000 ,3310780000 ,3240807000 ,,,,,,,,,,,,,,,,,,
24,24066,Saint-Hyacinthe--Bagot,81860,3046796000 ,2808951000 ,2674862000 ,,,,,,,,,,,,,,,,,,
24,24067,Saint-Jean,89010,3639688000 ,3339382000 ,3224132000 ,,,,,,,,,,,,,,,,,,
24,24068,Saint-Laurent,76040,3111077000 ,2866799000 ,2752105000 ,,,,,,,,,,,,,,,,,,
24,24069,Saint-Léonard--Saint-Michel,85890,2562347000 ,2389849000 ,2254383000 ,,,,,,,,,,,,,,,,,,
24,24070,Saint-Maurice--Champlain,92780,3204341000 ,2921858000 ,2768293000 ,,,,,,,,,,,,,,,,,,
24,24071,Salaberry--Suroît,92760,3421327000 ,3151229000 ,2996609000 ,,,,,,,,,,,,,,,,,,
24,24072,Shefford,89880,3432311000 ,3143295000 ,3016368000 ,,,,,,,,,,,,,,,,,,
24,24073,Sherbrooke,89000,3260306000 ,2986847000 ,2844212000 ,,,,,,,,,,,,,,,,,,
24,24074,Vaudreuil--Soulanges,90980,4503201000 ,4112475000 ,4031882000 ,,,,,,,,,,,,,,,,,,
24,24075,Terrebonne,86220,3845907000 ,3515566000 ,3421653000 ,,,,,,,,,,,,,,,,,,
24,24076,Trois-Rivières,91210,3468371000 ,3138547000 ,2989979000 ,,,,,,,,,,,,,,,,,,
24,24077,Ville-Marie--Le Sud-Ouest--Île-des-Soeurs,103690,5722322000 ,5289298000 ,5003252000 ,,,,,,,,,,,,,,,,,,
24,24078,Vimy,89840,3248918000 ,2988146000 ,2863233000 ,,,,,,,,,,,,,,,,,,
TOTAL,,,6530360,275475575000 ,252002683000 ,242537110000 ,,,,,,,,,,,,,,,,,,
35,35001,Ajax,89530,4178499000 ,3838040000 ,3758232000 ,,,,,,,,,,,,,,,,,,
35,35002,Algoma--Manitoulin--Kapuskasing,65030,2538043000 ,2349079000 ,2219002000 ,,,,,,,,,,,,,,,,,,
35,35003,Aurora--Oak Ridges--Richmond Hill,89310,4881027000 ,4463997000 ,4367287000 ,,,,,,,,,,,,,,,,,,
35,35004,Barrie--Innisfil,82210,3884334000 ,3577620000 ,3505392000 ,,,,,,,,,,,,,,,,,,
35,35005,Barrie--Springwater--Oro-Medonte,75550,3557508000 ,3267329000 ,3174211000 ,,,,,,,,,,,,,,,,,,
35,35006,Bay of Quinte,88420,3659177000 ,3361442000 ,3212516000 ,,,,,,,,,,,,,,,,,,
35,35007,Beaches--East York,81060,4599808000 ,4215368000 ,4072083000 ,,,,,,,,,,,,,,,,,,
35,35008,Brampton Centre,80100,2885757000 ,2700513000 ,2606766000 ,,,,,,,,,,,,,,,,,,
35,35009,Brampton East,92890,3171235000 ,2954222000 ,2839773000 ,,,,,,,,,,,,,,,,,,
35,35010,Brampton North,91910,3511566000 ,3256859000 ,3162202000 ,,,,,,,,,,,,,,,,,,
35,35011,Brampton South,93310,3386153000 ,3158745000 ,3049836000 ,,,,,,,,,,,,,,,,,,
35,35012,Brampton West,93140,3479076000 ,3241291000 ,3155336000 ,,,,,,,,,,,,,,,,,,
35,35013,Brantford--Brant,101300,4222021000 ,3905504000 ,3754757000 ,,,,,,,,,,,,,,,,,,
35,35014,Bruce--Grey--Owen Sound,85530,3560343000 ,3277911000 ,3139631000 ,,,,,,,,,,,,,,,,,,
35,35015,Burlington,99130,6142008000 ,5621874000 ,5515817000 ,,,,,,,,,,,,,,,,,,
35,35016,Cambridge,89490,4106068000 ,3818152000 ,3703459000 ,,,,,,,,,,,,,,,,,,
35,35017,Chatham-Kent--Leamington,99350,3860368000 ,3604234000 ,3396409000 ,,,,,,,,,,,,,,,,,,
35,35018,Davenport,82920,3365999000 ,3139221000 ,3010422000 ,,,,,,,,,,,,,,,,,,
35,35019,Don Valley East,74130,3512085000 ,3259814000 ,3135485000 ,,,,,,,,,,,,,,,,,,
35,35020,Don Valley North,91440,3940288000 ,3616132000 ,3497640000 ,,,,,,,,,,,,,,,,,,
35,35021,Don Valley West,77860,8818703000 ,8223170000 ,7954418000 ,,,,,,,,,,,,,,,,,,
35,35022,Dufferin--Caledon,99390,5414112000 ,4979529000 ,4867994000 ,,,,,,,,,,,,,,,,,,
35,35023,Durham,98900,5134989000 ,4687628000 ,4608001000 ,,,,,,,,,,,,,,,,,,
35,35024,Eglinton--Lawrence,87330,7519241000 ,6971022000 ,6772380000 ,,,,,,,,,,,,,,,,,,
35,35025,Elgin--Middlesex--London,89400,4003397000 ,3692641000 ,3557247000 ,,,,,,,,,,,,,,,,,,
35,35026,Essex,96040,5120255000 ,4704902000 ,4586949000 ,,,,,,,,,,,,,,,,,,
35,35027,Etobicoke Centre,94070,5884595000 ,5420749000 ,5270485000 ,,,,,,,,,,,,,,,,,,
35,35028,Etobicoke--Lakeshore,99610,6125395000 ,5649477000 ,5488633000 ,,,,,,,,,,,,,,,,,,
35,35029,Etobicoke North,92570,2787741000 ,2628253000 ,2455705000 ,,,,,,,,,,,,,,,,,,
35,35030,Flamborough--Glanbrook,80620,4364225000 ,3998085000 ,3919938000 ,,,,,,,,,,,,,,,,,,
35,35031,Glengarry--Prescott--Russell,89130,4236639000 ,3863527000 ,3730824000 ,,,,,,,,,,,,,,,,,,
35,35032,Guelph,102110,5100968000 ,4690046000 ,4581091000 ,,,,,,,,,,,,,,,,,,
35,35033,Haldimand--Norfolk,87620,3733959000 ,3441484000 ,3316312000 ,,,,,,,,,,,,,,,,,,
35,35034,Haliburton--Kawartha Lakes--Brock,90630,3878878000 ,3559856000 ,3436514000 ,,,,,,,,,,,,,,,,,,
35,35035,Hamilton Centre,75470,2605062000 ,2444816000 ,2249621000 ,,,,,,,,,,,,,,,,,,
35,35036,Hamilton East--Stoney Creek,86250,3467115000 ,3227125000 ,3090450000 ,,,,,,,,,,,,,,,,,,
35,35037,Hamilton Mountain,83280,3278411000 ,3039267000 ,2925454000 ,,,,,,,,,,,,,,,,,,
35,35038,Hamilton West--Ancaster--Dundas,86880,4813703000 ,4379427000 ,4289032000 ,,,,,,,,,,,,,,,,,,
35,35039,Hastings--Lennox and Addington,84010,3428259000 ,3147372000 ,3011493000 ,,,,,,,,,,,,,,,,,,
35,35040,Huron--Bruce,81810,4025665000 ,3695867000 ,3548982000 ,,,,,,,,,,,,,,,,,,
35,35041,Kanata--Carleton,82520,5087753000 ,4580958000 ,4499771000 ,,,,,,,,,,,,,,,,,,
35,35042,Kenora,46030,1743808000 ,1609273000 ,1529081000 ,,,,,,,,,,,,,,,,,,
35,35043,King--Vaughan,98060,5710418000 ,5271649000 ,5139705000 ,,,,,,,,,,,,,,,,,,
35,35044,Kingston and the Islands,89650,4374190000 ,3978259000 ,3848397000 ,,,,,,,,,,,,,,,,,,
35,35045,Kitchener Centre,81040,3423610000 ,3180260000 ,3057848000 ,,,,,,,,,,,,,,,,,,
35,35046,Kitchener--Conestoga,72070,3704929000 ,3401523000 ,3328348000 ,,,,,,,,,,,,,,,,,,
35,35047,Kitchener South--Hespeler,80310,3871166000 ,3581151000 ,3488830000 ,,,,,,,,,,,,,,,,,,
35,35048,Lambton--Kent--Middlesex,81160,3719336000 ,3423286000 ,3266036000 ,,,,,,,,,,,,,,,,,,
35,35049,Lanark--Frontenac--Kingston,79320,3688384000 ,3367550000 ,3263382000 ,,,,,,,,,,,,,,,,,,
35,35050,Leeds--Grenville--Thousand Islands and Rideau Lakes,82870,3742355000 ,3431348000 ,3312563000 ,,,,,,,,,,,,,,,,,,
35,35051,London--Fanshawe,91330,3308783000 ,3090036000 ,2942966000 ,,,,,,,,,,,,,,,,,,
35,35052,London North Centre,94930,4637372000 ,4255686000 ,4096037000 ,,,,,,,,,,,,,,,,,,
35,35053,London West,97450,4967751000 ,4527548000 ,4401771000 ,,,,,,,,,,,,,,,,,,
35,35054,Markham--Stouffville,95520,5068428000 ,4608341000 ,4506995000 ,,,,,,,,,,,,,,,,,,
35,35055,Markham--Thornhill,85150,3444691000 ,3172733000 ,3055665000 ,,,,,,,,,,,,,,,,,,
35,35056,Markham--Unionville,97470,4896802000 ,4473472000 ,4348841000 ,,,,,,,,,,,,,,,,,,
35,35057,Milton,78960,4345493000 ,3995415000 ,3925346000 ,,,,,,,,,,,,,,,,,,
35,35058,Mississauga Centre,100830,3842675000 ,3563426000 ,3451194000 ,,,,,,,,,,,,,,,,,,
35,35059,Mississauga East--Cooksville,96970,3786542000 ,3517767000 ,3387222000 ,,,,,,,,,,,,,,,,,,
35,35060,Mississauga--Erin Mills,95220,4384013000 ,4020032000 ,3924704000 ,,,,,,,,,,,,,,,,,,
35,35061,Mississauga--Lakeshore,92760,5999216000 ,5518957000 ,5378788000 ,,,,,,,,,,,,,,,,,,
35,35062,Mississauga--Malton,94060,3441699000 ,3206790000 ,3096883000 ,,,,,,,,,,,,,,,,,,
35,35063,Mississauga--Streetsville,93070,4576443000 ,4210936000 ,4117155000 ,,,,,,,,,,,,,,,,,,
35,35064,Nepean,94390,5308963000 ,4785782000 ,4698972000 ,,,,,,,,,,,,,,,,,,
35,35065,Newmarket--Aurora,93820,5186553000 ,4739688000 ,4637596000 ,,,,,,,,,,,,,,,,,,
35,35066,Niagara Centre,88840,3499195000 ,3232217000 ,3090937000 ,,,,,,,,,,,,,,,,,,
35,35067,Niagara Falls,109640,4604981000 ,4232885000 ,4053123000 ,,,,,,,,,,,,,,,,,,
35,35068,Niagara West,70660,3768463000 ,3443080000 ,3370927000 ,,,,,,,,,,,,,,,,,,
35,35069,Nickel Belt,74990,3644903000 ,3361078000 ,3255459000 ,,,,,,,,,,,,,,,,,,
35,35070,Nipissing--Timiskaming,73980,3209444000 ,2952432000 ,2821705000 ,,,,,,,,,,,,,,,,,,
35,35071,Northumberland--Peterborough South,86820,4099479000 ,3744782000 ,3642817000 ,,,,,,,,,,,,,,,,,,
35,35072,Oakville,95150,8167093000 ,7524598000 ,7328947000 ,,,,,,,,,,,,,,,,,,
35,35073,Oakville North--Burlington,93630,6297244000 ,5741751000 ,5643662000 ,,,,,,,,,,,,,,,,,,
35,35074,Oshawa,99070,4095372000 ,3780128000 ,3638744000 ,,,,,,,,,,,,,,,,,,
35,35075,Ottawa Centre,88970,5917522000 ,5358857000 ,5206015000 ,,,,,,,,,,,,,,,,,,
35,35076,Orléans,99370,5739412000 ,5136841000 ,5053022000 ,,,,,,,,,,,,,,,,,,
35,35077,Ottawa South,92060,4562934000 ,4140742000 ,3995620000 ,,,,,,,,,,,,,,,,,,
35,35078,Ottawa--Vanier,84560,4381557000 ,3993309000 ,3817275000 ,,,,,,,,,,,,,,,,,,
35,35079,Ottawa West--Nepean,85720,4298841000 ,3909267000 ,3788321000 ,,,,,,,,,,,,,,,,,,
35,35080,Oxford,95190,4303639000 ,3995505000 ,3843303000 ,,,,,,,,,,,,,,,,,,
35,35081,Parkdale--High Park,80050,4897000000 ,4509613000 ,4357787000 ,,,,,,,,,,,,,,,,,,
35,35082,Parry Sound--Muskoka,75290,3188826000 ,2931175000 ,2823390000 ,,,,,,,,,,,,,,,,,,
35,35083,Perth--Wellington,85380,3814375000 ,3548634000 ,3406137000 ,,,,,,,,,,,,,,,,,,
35,35084,Peterborough--Kawartha,93290,4060957000 ,3717388000 ,3576729000 ,,,,,,,,,,,,,,,,,,
35,35085,Pickering--Uxbridge,87990,4749822000 ,4323924000 ,4237341000 ,,,,,,,,,,,,,,,,,,
35,35086,Renfrew--Nipissing--Pembroke,89050,3891757000 ,3563902000 ,3432849000 ,,,,,,,,,,,,,,,,,,
35,35087,Richmond Hill,93530,4503592000 ,4129937000 ,4000757000 ,,,,,,,,,,,,,,,,,,
35,35088,Carleton,70250,4623166000 ,4154514000 ,4084215000 ,,,,,,,,,,,,,,,,,,
35,35089,St. Catharines,89430,3667231000 ,3384811000 ,3244118000 ,,,,,,,,,,,,,,,,,,
35,35090,Toronto--St. Paul's,84310,8345925000 ,7732002000 ,7483359000 ,,,,,,,,,,,,,,,,,,
35,35091,Sarnia--Lambton,85410,4446601000 ,4073742000 ,3940034000 ,,,,,,,,,,,,,,,,,,
35,35092,Sault Ste. Marie,66010,2810612000 ,2589946000 ,2479661000 ,,,,,,,,,,,,,,,,,,
35,35093,Scarborough--Agincourt,88170,2914964000 ,2703016000 ,2549072000 ,,,,,,,,,,,,,,,,,,
35,35094,Scarborough Centre,87120,2785123000 ,2608013000 ,2464127000 ,,,,,,,,,,,,,,,,,,
35,35095,Scarborough--Guildwood,79810,2646869000 ,2465575000 ,2316276000 ,,,,,,,,,,,,,,,,,,
35,35096,Scarborough North,83790,2458145000 ,2286924000 ,2145585000 ,,,,,,,,,,,,,,,,,,
35,35097,Scarborough--Rouge Park,79890,3178403000 ,2924038000 ,2811287000 ,,,,,,,,,,,,,,,,,,
35,35098,Scarborough Southwest,83550,3213154000 ,2988728000 ,2838880000 ,,,,,,,,,,,,,,,,,,
35,35099,Simcoe--Grey,102440,4941058000 ,4537636000 ,4416650000 ,,,,,,,,,,,,,,,,,,
35,35100,Simcoe North,88900,3687437000 ,3391559000 ,3263536000 ,,,,,,,,,,,,,,,,,,
35,35101,Spadina--Fort York,84870,6107785000 ,5668180000 ,5541232000 ,,,,,,,,,,,,,,,,,,
35,35102,Stormont--Dundas--South Glengarry,82170,3255506000 ,3004051000 ,2861437000 ,,,,,,,,,,,,,,,,,,
35,35103,Sudbury,74160,3559571000 ,3284110000 ,3163173000 ,,,,,,,,,,,,,,,,,,
35,35104,Thornhill,94740,5410356000 ,4950305000 ,4817401000 ,,,,,,,,,,,,,,,,,,
35,35105,Thunder Bay--Rainy River,65290,2820281000 ,2591492000 ,2493318000 ,,,,,,,,,,,,,,,,,,
35,35106,Thunder Bay--Superior North,65180,2965647000 ,2716357000 ,2615993000 ,,,,,,,,,,,,,,,,,,
35,35107,Timmins--James Bay,63120,2799085000 ,2602654000 ,2487437000 ,,,,,,,,,,,,,,,,,,
35,35108,Toronto Centre,78060,4356091000 ,4045694000 ,3848501000 ,,,,,,,,,,,,,,,,,,
35,35109,Toronto--Danforth,79930,4396130000 ,4022500000 ,3895047000 ,,,,,,,,,,,,,,,,,,
35,35110,University--Rosedale,90860,8198883000 ,7651226000 ,7274583000 ,,,,,,,,,,,,,,,,,,
35,35111,Vaughan--Woodbridge,83860,4389445000 ,4044747000 ,3941462000 ,,,,,,,,,,,,,,,,,,
35,35112,Waterloo,85290,4799124000 ,4380298000 ,4291102000 ,,,,,,,,,,,,,,,,,,
35,35113,Wellington--Halton Hills,93300,5483144000 ,5029396000 ,4920245000 ,,,,,,,,,,,,,,,,,,
35,35114,Whitby,95910,5367164000 ,4888593000 ,4805501000 ,,,,,,,,,,,,,,,,,,
35,35115,Willowdale,106020,4591810000 ,4262731000 ,4136754000 ,,,,,,,,,,,,,,,,,,
35,35116,Windsor--Tecumseh,94160,4171733000 ,3860366000 ,3706203000 ,,,,,,,,,,,,,,,,,,
35,35117,Windsor West,95680,3553720000 ,3306851000 ,3123576000 ,,,,,,,,,,,,,,,,,,
35,35118,York Centre,83160,3574851000 ,3343765000 ,3209299000 ,,,,,,,,,,,,,,,,,,
35,35119,York--Simcoe,77820,3736142000 ,3446998000 ,3364994000 ,,,,,,,,,,,,,,,,,,
35,35120,York South--Weston,89900,2976681000 ,2805839000 ,2626146000 ,,,,,,,,,,,,,,,,,,
35,35121,Humber River--Black Creek,85250,2345721000 ,2229616000 ,2053287000 ,,,,,,,,,,,,,,,,,,
TOTAL,,,10524680,514718012000 ,473831778000 ,458240242000 ,,,,,,,,,,,,,,,,,,
46,46001,Brandon--Souris,67620,3046361000 ,2825136000 ,2715436000 ,,,,,,,,,,,,,,,,,,
46,46002,Charleswood--St. James--Assiniboia--Headingley,65260,3464853000 ,3169322000 ,3110934000 ,,,,,,,,,,,,,,,,,,
46,46003,Churchill--Keewatinook Aski,56180,1442604000 ,1347954000 ,1247501000 ,,,,,,,,,,,,,,,,,,
46,46004,Dauphin--Swan River--Neepawa,68450,2511058000 ,2342637000 ,2194175000 ,,,,,,,,,,,,,,,,,,
46,46005,Elmwood--Transcona,70690,2829769000 ,2621409000 ,2570008000 ,,,,,,,,,,,,,,,,,,
46,46006,Kildonan--St. Paul,66940,3236950000 ,2978566000 ,2918064000 ,,,,,,,,,,,,,,,,,,
46,46007,Portage--Lisgar,70820,2901905000 ,2706512000 ,2579266000 ,,,,,,,,,,,,,,,,,,
46,46008,Provencher,72740,3161394000 ,2939173000 ,2851680000 ,,,,,,,,,,,,,,,,,,
46,46009,Saint Boniface--Saint Vital,70110,3431034000 ,3145381000 ,3081524000 ,,,,,,,,,,,,,,,,,,
46,46010,Selkirk--Interlake--Eastman,74030,3212306000 ,2956891000 ,2869911000 ,,,,,,,,,,,,,,,,,,
46,46011,Winnipeg Centre,68500,2212174000 ,2082576000 ,1962029000 ,,,,,,,,,,,,,,,,,,
46,46012,Winnipeg North,71400,2254707000 ,2118113000 ,2029944000 ,,,,,,,,,,,,,,,,,,
46,46013,Winnipeg South,78490,3794467000 ,3456561000 ,3396847000 ,,,,,,,,,,,,,,,,,,
46,46014,Winnipeg South Centre,72790,4551394000 ,4191168000 ,4119184000 ,,,,,,,,,,,,,,,,,,
TOTAL,,,974010,42050976000 ,38881398000 ,37646503000 ,,,,,,,,,,,,,,,,,,
47,47001,Battlefords--Lloydminster,54880,2493040000 ,2342828000 ,2251980000 ,,,,,,,,,,,,,,,,,,
47,47002,Cypress Hills--Grasslands,55050,2734264000 ,2558695000 ,2401941000 ,,,,,,,,,,,,,,,,,,
47,47003,Desnethé--Missinippi--Churchill River,46600,1362488000 ,1276564000 ,1182593000 ,,,,,,,,,,,,,,,,,,
47,47004,Carlton Trail--Eagle Creek,57890,2914005000 ,2718611000 ,2612424000 ,,,,,,,,,,,,,,,,,,
47,47005,Moose Jaw--Lake Centre--Lanigan,61300,3165352000 ,2939428000 ,2815583000 ,,,,,,,,,,,,,,,,,,
47,47006,Prince Albert,67130,2938801000 ,2741478000 ,2610952000 ,,,,,,,,,,,,,,,,,,
47,47007,Regina--Lewvan,70740,4085931000 ,3751989000 ,3689667000 ,,,,,,,,,,,,,,,,,,
47,47008,Regina--Qu'Appelle,57900,2634467000 ,2454727000 ,2340564000 ,,,,,,,,,,,,,,,,,,
47,47009,Regina--Wascana,65770,3774248000 ,3485793000 ,3391664000 ,,,,,,,,,,,,,,,,,,
47,47010,Saskatoon--Grasswood,64330,3860780000 ,3567641000 ,3478232000 ,,,,,,,,,,,,,,,,,,
47,47011,Saskatoon--University,61530,3656310000 ,3367772000 ,3298149000 ,,,,,,,,,,,,,,,,,,
47,47012,Saskatoon West,64660,2813024000 ,2632379000 ,2513719000 ,,,,,,,,,,,,,,,,,,
47,47013,Souris--Moose Mountain,59000,3250760000 ,3042840000 ,2938085000 ,,,,,,,,,,,,,,,,,,
47,47014,Yorkton--Melville,55760,2490008000 ,2326318000 ,2196959000 ,,,,,,,,,,,,,,,,,,
TOTAL,,,842540,42173480000 ,39207063000 ,37722511000 ,,,,,,,,,,,,,,,,,,
48,48001,Banff--Airdrie,99670,7346743000 ,6845951000 ,6714773000 ,,,,,,,,,,,,,,,,,,
48,48002,Battle River--Crowfoot,83690,4417677000 ,4153033000 ,3965777000 ,,,,,,,,,,,,,,,,,,
48,48003,Bow River,87150,4838399000 ,4543709000 ,4403366000 ,,,,,,,,,,,,,,,,,,
48,48004,Calgary Centre,95840,10854809000 ,10234041000 ,9996644000 ,,,,,,,,,,,,,,,,,,
48,48005,Calgary Confederation,92120,7606340000 ,7060410000 ,6895248000 ,,,,,,,,,,,,,,,,,,
48,48006,Calgary Forest Lawn,87330,3393576000 ,3214410000 ,3092239000 ,,,,,,,,,,,,,,,,,,
48,48007,Calgary Heritage,88810,6950984000 ,6476598000 ,6365143000 ,,,,,,,,,,,,,,,,,,
48,48008,Calgary Midnapore,94680,6772492000 ,6290029000 ,6198091000 ,,,,,,,,,,,,,,,,,,
48,48009,Calgary Nose Hill,90620,5482741000 ,5061449000 ,4959103000 ,,,,,,,,,,,,,,,,,,
48,48010,Calgary Rocky Ridge,96070,6838281000 ,6288066000 ,6200251000 ,,,,,,,,,,,,,,,,,,
48,48011,Calgary Shepard,107680,7320373000 ,6814323000 ,6718511000 ,,,,,,,,,,,,,,,,,,
48,48012,Calgary Signal Hill,90150,8263138000 ,7685092000 ,7553640000 ,,,,,,,,,,,,,,,,,,
48,48013,Calgary Skyview,100560,4031062000 ,3800317000 ,3707229000 ,,,,,,,,,,,,,,,,,,
48,48014,Edmonton Centre,87500,5648380000 ,5286754000 ,5145244000 ,,,,,,,,,,,,,,,,,,
48,48015,Edmonton Griesbach,88830,3770527000 ,3550167000 ,3347694000 ,,,,,,,,,,,,,,,,,,
48,48016,Edmonton Manning,90560,4544793000 ,4231480000 ,4127237000 ,,,,,,,,,,,,,,,,,,
48,48017,Edmonton Mill Woods,90270,4273399000 ,3994373000 ,3902232000 ,,,,,,,,,,,,,,,,,,
48,48018,Edmonton Riverbend,92790,7488838000 ,6926661000 ,6831082000 ,,,,,,,,,,,,,,,,,,
48,48019,Edmonton Strathcona,81260,5170096000 ,4785647000 ,4695083000 ,,,,,,,,,,,,,,,,,,
48,48020,Edmonton West,91570,5865577000 ,5469760000 ,5366530000 ,,,,,,,,,,,,,,,,,,
48,48021,Edmonton--Wetaskiwin,111670,7114750000 ,6644200000 ,6535754000 ,,,,,,,,,,,,,,,,,,
48,48022,Foothills,87650,6947565000 ,6525216000 ,6297833000 ,,,,,,,,,,,,,,,,,,
48,48023,Fort McMurray--Cold Lake,84710,7048514000 ,6670422000 ,6525133000 ,,,,,,,,,,,,,,,,,,
48,48024,Grande Prairie--Mackenzie,91890,5852702000 ,5560612000 ,5301209000 ,,,,,,,,,,,,,,,,,,
48,48025,Lakeland,87360,4893012000 ,4616826000 ,4446781000 ,,,,,,,,,,,,,,,,,,
48,48026,Lethbridge,87650,4441845000 ,4128695000 ,3987654000 ,,,,,,,,,,,,,,,,,,
48,48027,Medicine Hat--Cardston--Warner,84610,4177906000 ,3911896000 ,3764516000 ,,,,,,,,,,,,,,,,,,
48,48028,Peace River--Westlock,80420,4038064000 ,3824441000 ,3596150000 ,,,,,,,,,,,,,,,,,,
48,48029,Red Deer--Mountain View,89530,5549636000 ,5210901000 ,5066839000 ,,,,,,,,,,,,,,,,,,
48,48030,Red Deer--Lacombe,95150,5363870000 ,5059226000 ,4910528000 ,,,,,,,,,,,,,,,,,,
48,48031,St. Albert--Edmonton,91090,5965242000 ,5492714000 ,5402315000 ,,,,,,,,,,,,,,,,,,
48,48032,Sherwood Park--Fort Saskatchewan,93000,7359319000 ,6837948000 ,6749385000 ,,,,,,,,,,,,,,,,,,
48,48033,Sturgeon River--Parkland,92900,6187639000 ,5793499000 ,5681702000 ,,,,,,,,,,,,,,,,,,
48,48034,Yellowhead,76170,4397036000 ,4159184000 ,4045428000 ,,,,,,,,,,,,,,,,,,
TOTAL,,,3090900,200215325000 ,187148050000 ,182496345000 ,,,,,,,,,,,,,,,,,,
59,59001,Abbotsford,78630,3231068000 ,3013973000 ,2899939000 ,,,,,,,,,,,,,,,,,,
59,59002,Burnaby North--Seymour,82630,4233544000 ,3884535000 ,3790455000 ,,,,,,,,,,,,,,,,,,
59,59003,Burnaby South,93060,3755893000 ,3464284000 ,3357958000 ,,,,,,,,,,,,,,,,,,
59,59004,Cariboo--Prince George,84790,3800584000 ,3533881000 ,3422848000 ,,,,,,,,,,,,,,,,,,
59,59005,Central Okanagan--Similkameen--Nicola,92090,4104498000 ,3797319000 ,3670311000 ,,,,,,,,,,,,,,,,,,
59,59006,Chilliwack--Hope,78560,3228615000 ,2994507000 ,2878932000 ,,,,,,,,,,,,,,,,,,
59,59007,Cloverdale--Langley City,86690,4021025000 ,3711592000 ,3622618000 ,,,,,,,,,,,,,,,,,,
59,59008,Coquitlam--Port Coquitlam,96570,4313689000 ,3964331000 ,3854687000 ,,,,,,,,,,,,,,,,,,
59,59009,Courtenay--Alberni,97020,4123007000 ,3785424000 ,3637926000 ,,,,,,,,,,,,,,,,,,
59,59010,Cowichan--Malahat--Langford,86800,3855599000 ,3536848000 ,3427687000 ,,,,,,,,,,,,,,,,,,
59,59011,Delta,82280,4238536000 ,3882536000 ,3784017000 ,,,,,,,,,,,,,,,,,,
59,59012,Fleetwood--Port Kells,91570,3511994000 ,3252766000 ,3140945000 ,,,,,,,,,,,,,,,,,,
59,59013,Kamloops--Thompson--Cariboo,101190,4618142000 ,4260206000 ,4133887000 ,,,,,,,,,,,,,,,,,,
59,59014,Kelowna--Lake Country,96710,4910504000 ,4545284000 ,4420462000 ,,,,,,,,,,,,,,,,,,
59,59015,Kootenay--Columbia,90050,4122430000 ,3812524000 ,3701451000 ,,,,,,,,,,,,,,,,,,
59,59016,Langley--Aldergrove,90050,4640675000 ,4285539000 ,4173716000 ,,,,,,,,,,,,,,,,,,
59,59017,Mission--Matsqui--Fraser Canyon,71790,2752865000 ,2567815000 ,2455975000 ,,,,,,,,,,,,,,,,,,
59,59018,Nanaimo--Ladysmith,98200,4262285000 ,3919029000 ,3779503000 ,,,,,,,,,,,,,,,,,,
59,59019,New Westminster--Burnaby,90840,3812263000 ,3515111000 ,3397923000 ,,,,,,,,,,,,,,,,,,
59,59020,North Okanagan--Shuswap,104110,4459345000 ,4138586000 ,3982318000 ,,,,,,,,,,,,,,,,,,
59,59021,North Vancouver,92440,5512373000 ,5052907000 ,4940360000 ,,,,,,,,,,,,,,,,,,
59,59022,Pitt Meadows--Maple Ridge,77580,3713786000 ,3425038000 ,3339060000 ,,,,,,,,,,,,,,,,,,
59,59023,Port Moody--Coquitlam,87780,4358259000 ,3997545000 ,3902130000 ,,,,,,,,,,,,,,,,,,
59,59024,Prince George--Peace River--Northern Rockies,84180,4648365000 ,4374580000 ,4182869000 ,,,,,,,,,,,,,,,,,,
59,59025,Richmond Centre,83150,3224304000 ,2965550000 ,2863555000 ,,,,,,,,,,,,,,,,,,
59,59026,Esquimalt--Saanich--Sooke,86650,4049261000 ,3706130000 ,3616240000 ,,,,,,,,,,,,,,,,,,
59,59027,Saanich--Gulf Islands,87410,4686762000 ,4255511000 ,4164376000 ,,,,,,,,,,,,,,,,,,
59,59028,Skeena--Bulkley Valley,67490,2866709000 ,2662210000 ,2570865000 ,,,,,,,,,,,,,,,,,,
59,59029,South Okanagan--West Kootenay,100590,4205303000 ,3890573000 ,3745132000 ,,,,,,,,,,,,,,,,,,
59,59030,South Surrey--White Rock,82940,5017003000 ,4579544000 ,4467497000 ,,,,,,,,,,,,,,,,,,
59,59031,Steveston--Richmond East,84250,3322567000 ,3065647000 ,2962553000 ,,,,,,,,,,,,,,,,,,
59,59032,Surrey Centre,91740,2816317000 ,2660135000 ,2505362000 ,,,,,,,,,,,,,,,,,,
59,59033,Surrey--Newton,86160,2809147000 ,2639617000 ,2512511000 ,,,,,,,,,,,,,,,,,,
59,59034,Vancouver Centre,106600,7220653000 ,6688065000 ,6500065000 ,,,,,,,,,,,,,,,,,,
59,59035,Vancouver East,90540,3788774000 ,3513755000 ,3333385000 ,,,,,,,,,,,,,,,,,,
59,59036,Vancouver Granville,85420,5628922000 ,5182019000 ,5058617000 ,,,,,,,,,,,,,,,,,,
59,59037,North Island--Powell River,84580,3646723000 ,3358727000 ,3241284000 ,,,,,,,,,,,,,,,,,,
59,59038,Vancouver Kingsway,84380,3156619000 ,2922752000 ,2810595000 ,,,,,,,,,,,,,,,,,,
59,59039,Vancouver Quadra,80110,6016245000 ,5534667000 ,5419705000 ,,,,,,,,,,,,,,,,,,
59,59040,Vancouver South,82480,2983073000 ,2760615000 ,2643192000 ,,,,,,,,,,,,,,,,,,
59,59041,Victoria,103190,5535333000 ,5081084000 ,4945006000 ,,,,,,,,,,,,,,,,,,
59,59042,West Vancouver--Sunshine Coast--Sea to Sky Country,98390,6563894000 ,6076147000 ,5911706000 ,,,,,,,,,,,,,,,,,,
TOTAL,,,3721670,175766953000 ,162258910000 ,157169622000 ,,,,,,,,,,,,,,,,,,
60,60001,Yukon,28010,1511702000 ,1393351000 ,1259695000 ,,,,,,,,,,,,,,,,,,
TOTAL,,,28010,1511702000 ,1393351000 ,1259695000 ,,,,,,,,,,,,,,,,,,
61,61001,Northwest Territories,31850,1962928000 ,1818601000 ,1676078000 ,,,,,,,,,,,,,,,,,,
TOTAL,,,31850,1962928000 ,1818601000 ,1676078000 ,,,,,,,,,,,,,,,,,,
62,62001,Nunavut,21050,1026526000 ,961010000 ,863665000 ,,,,,,,,,,,,,,,,,,
TOTAL,,,21050,1026526000 ,961010000 ,863665000 ,,,,,,,,,,,,,,,,,,
TOTAL,,,27673550,1334273688000 ,1230748675000 ,1190410313000 ,,,,,,,,,,,,,,,,,,
